title,author,date,description,slug,book,chapter,image,image copyrights, link 1, link 2, link 3
Flight of the Gull Bronze Model,Etienne-Jules Marey,1870s,"",chronophotography-model,1,5,images/marey.jpg, Image RMN-Grand Palais (musée d'Orsay)(reproduced with permission), https://en.wikipedia.org/wiki/Chronophotography
Light Sculptures: Matter of Impermanence,Dexter Callender III,2024,"",matter-of-impermanence,1,5,images/matter.jpg, Image Dexter Callender III (reproduced with permission), https://dextercallender.com/
Staring At Empty Space,Lea Wurthmann, 2023,"",staring-at-empty-space,1,5,images/empty-spaces.jpg, Image Lea Wurthmann (reproduced with permission), https://leawurthmann.com/staring-at-empty-spaces/
Secchi Disk,Angelo Secchi,1865,"",secchi-disk,1,6,images/secchi.jpg,Image Public Domain,https://en.wikipedia.org/wiki/Secchi_disk, https://www.nalms.org/secchidipin/monitoring-methods/the-secchi-disk/what-is-a-secchi-disk/,
Cyanometer,Horace-Bénédict de Saussure,1765,"",cyanometer,1,6,images/cyanometer.jpg, Image Collection Musée d’histoire des sciences (CC BY-SA 4.0), https://en.wikipedia.org/wiki/Cyanometer
Korean Rain Gauge Ch'ŭgugi,Joseon kingdom's Research Institute of Astronomy Geography Calendar and Weather,1441,"",korean-rain-gauge,1,6,images/gauge.jpg, Image Courtesy of the National Meteorological Museum of Korea, https://en.wikipedia.org/wiki/Ch%27%C5%ADgugi, https://historylibrary.net/entry/The-Worlds-Oldest-Rain-Gauge-to-Become-a-National-Treasure,
Nilometer,Civil engineers of Ancient Egypt, 860 CE onward,"",nilometer,1,6, images/nilometer.jpg,"",https://en.wikipedia.org/wiki/Nilometer
Mesopotamian Clay Tokens,Sumerian agriculturalists, 10 000 BC onward,"",clay-tokens,1,1, images/clay-tokens.jpg, Image of Clay accounting tokens Susa Uruk period - Louvre Museum Paris © Marie-Lan Nguyen (CC BY 2.5), https://en.wikipedia.org/wiki/History_of_ancient_numeral_systems, https://en.wikipedia.org/wiki/Denise_Schmandt-Besserat, https://sites.utexas.edu/dsb/,
Bulla (Clay Round Seal),Sumerian agriculturalists, 5 000 BC onward,"",bulla,1,1,images/bulla.jpg, Image: Globular envelope with a cluster of accounting tokens. Clay - Uruk period. Louvre Museum - Public Domain, https://en.wikipedia.org/wiki/Bulla_(seal), https://sites.utexas.edu/dsb/tokens/the-evolution-of-writing/,
Westtown Samplers,Westtown School - by Girls in Sewing Class, 1800-1830,"",westtown-globe,1,3,images/globe.jpg, "Image: Westtown School, West Chester, Pennsylvania; photographs © Rosamond Purcell", https://www.westtown.edu/about/history/archives/samplers/, https://www.themagazineantiques.com/article/silk-globes-the-world-on-a-string/,